Offer Name,Offer Category,Description,Key Features / Components,Transformation / Promise,Price,Link (URL),Status,Ideal Client / Audience,Keywords / Tags
Plurapreneur® 1:1 Coaching,Coaching,"High-level holistic coaching integrating life, brand, and business strategy using the Plurapreneur® ecosystem and Success System V.",Weekly 1:1 sessions; Success System V roadmap; personalized life-brand-business alignment plan; clarity audits; accountability check-ins; leadership mindset development.,"Gain complete clarity, remove blockers, and build a life, brand, and business ecosystem that feels aligned, powerful, and profitable.","$1,000/hr or $2,500/month",plurapreneur.com/coaching,Active,"Ambitious creators, entrepreneurs, leaders","coaching, clarity, systems engineering, brand alignment, life design, personal development"
Success System V Coaching Program,Coaching,A structured program teaching the Success System V methodology to help clients define success patterns and achieve personal and business goals.,Multi-week program; exercises; templates; progress tracking; group Q&A,Clients develop their own success system and can replicate it for any goal or project.,$997/course,plurapreneur.com/successsystemv,Active,"Entrepreneurs, creators, high-achievers","success system, goal setting, systems engineering, personal growth"
Success Your Way Seminar,Events / Workshops,"Free or paid online seminar based on “A SIMPLE Systems Engineering Guide for Success,” teaching people to define personal success on their own terms.",2-hour live webinar; Q&A; downloadable workbook,Attendees gain actionable clarity and a roadmap to design their own success.,Free / $47,plurapreneur.com/successyourway,Active,"Ambitious professionals, creators","success system, seminar, personal development, life planning"
Blocker Resolution Sessions,Coaching,One-off coaching session focused on removing specific personal or business blockers preventing growth.,60-minute session; accountability plan; follow-up resources,Clear immediate obstacles and gain actionable steps to move forward.,$350/session,plurapreneur.com/blockers,Active,"Entrepreneurs, creators, executives","coaching, personal development, business strategy"
BrandFlex.ai Free Clarity Tool,Software / AI Tool,"Free AI tool that helps users discover their brand voice, core message, and positioning.",AI-powered clarity assessment; instant brand voice insights; persona identification; starter messaging suggestions,Discover your authentic voice and gain clarity on brand messaging to confidently create content and offers.,Free,brandflex.ai,Active,"Creators, new entrepreneurs, service providers","brand clarity, voice analysis, messaging, AI tool, positioning"
BrandFlex.ai Pro,Software / AI Tool,"Paid AI tool that expands on the free Clarity Tool, providing advanced recommendations and personalized brand insights.",Full brand assessment; persona profiling; messaging templates; content strategy suggestions; coaching prompts,"Users gain a complete roadmap for brand positioning, messaging, and growth.",$47/month,brandflex.ai/pro,Active,"Entrepreneurs, content creators, small business owners","AI branding, messaging, content strategy"
BrandFlex.ai Creator Suite,Software / AI Tool,Advanced AI branding and messaging system for scaling creators and entrepreneurs.,"Everything in Pro tier + advanced analytics, competitor insights, campaign optimization","Build a scalable brand, messaging system, and content plan that drives engagement and revenue.",$97/month,brandflex.ai/creator,Active,"Scaling entrepreneurs, creators, agencies","AI brand strategy, content optimization, analytics"
The Brawn of Your Brand,Book,Guidebook teaching entrepreneurs to leverage brand as a strategic asset.,200-page book; exercises; case studies,"Readers can strategically elevate their brand, grow influence, and monetize effectively.",27,plurapreneur.com/books/brawn,Active,"Entrepreneurs, creators","branding, personal brand, marketing"
A SIMPLE Systems Engineering Guide for Success,Book,Book teaching the Success System V methodology for personal and professional growth.,Workbook exercises; actionable steps; system diagrams,Readers gain a system for defining and achieving success on their own terms.,29,plurapreneur.com/books/systems,Active,"Creators, entrepreneurs, professionals","success system, personal growth, systems engineering"
Plurapreneur® Life–Brand–Business Alignment Workbook,Digital Product,"Interactive workbook designed to align life, brand, and business strategy.",Guided exercises; roadmap templates; alignment checklists,"Achieve clarity and alignment in life and business, ready to implement immediately.",47,plurapreneur.com/workbook,Active,"Entrepreneurs, creators, high-achievers","alignment, workbook, systems engineering"
Billionaire by Design 10-Year Blueprint,Digital Product,Step-by-step 10-year strategy framework to achieve high-level success and wealth.,Timeline templates; milestone tracking; strategic exercises,"Users map out a clear, actionable roadmap to long-term success and wealth.",97,plurapreneur.com/blueprint,Active,"Entrepreneurs, high-level creators","long-term planning, wealth strategy, roadmap"
MLS Arbitrage Toolkit,Real Estate,Step-by-step 10-year strategy framework to achieve high-level success and wealth.,Deal sourcing automation; marketing templates; property analysis; scaling guides,Automate real estate sourcing and maximize profits with minimal effort.,497,plurapreneur.com/mls,Active,"Real estate investors, entrepreneurs","MLS, arbitrage, real estate, automation"
DCo Real Estate Investment Sourcing Service,Real Estate,Done-for-you real estate sourcing service using MLS and AI.,Property identification; deal analysis; weekly reports,Clients find profitable investment properties efficiently without manual searching.,"$2,500/month",dco.com/re,Active,"Investors, real estate professionals","real estate sourcing, AI analysis"
DCo Real Estate Deal Analysis Reports,Real Estate,Detailed property reports for informed investment decisions.,Profitability analysis; risk assessment; ROI projections,Users can confidently invest in properties with AI-backed insights.,$150/report,dco.com/reports,Active,Real estate investors,"deal analysis, property investment, ROI"
DCo Real Estate Investor Coaching,Coaching,Coaching sessions for investors to understand MLS arbitrage and investment strategies.,1:1 sessions; portfolio review; deal strategy,Clients learn to execute profitable investments and scale efficiently.,$350/hr,dco.com/coaching,Active,Real estate investors,"coaching, real estate, MLS arbitrage"
DCo Webify Website Hosting,Software / Services,"Secure, reliable website hosting for small businesses and creators.",Hosting; SSL; uptime monitoring; backups,Peace of mind with secure and stable website performance.,$99/month,dcowebify.com/security,Active,"Entrepreneurs, creators, small businesses","hosting, website, security"
DCo Webify Website Security & Monitoring,Software / Services,Advanced security and monitoring for websites.,Security scans; threat removal; uptime monitoring,Protect websites from hacks and ensure reliable uptime.,$79/month,dcowebify.com/datavault,Active,"Entrepreneurs, businesses","website security, monitoring"
DCo Webify Data Vault,Software / Services,Secure storage and backup solution for business data.,Cloud storage; automated backups; access control,Protect and recover important business data easily.,$49/month,dcowebify.com/datavaul,Active,"Entrepreneurs, businesses","data storage, backup, security"
DCo Webify Business Website Build Package,Services,Turnkey website build and launch for businesses.,Design; development; CMS setup; basic SEO,"Get a fully functional, professional website ready to launch.",997,dcowebify.com/build,Active,"Entrepreneurs, small businesses","website design, launch, CMS, SEO"
BTHCAG Community Strategy Coaching,Coaching / Community,Coaching for community leaders on executing effective neighborhood campaigns.,Strategy sessions; complaint escalation workflows; action plans,Leaders can mobilize community and achieve measurable outcomes.,$350/session,bthcag.org/coaching,Active,"Community organizers, local leaders","community strategy, activism, planning"
Turn Up The Heat / Turn It Up In The Streets Campaign Kit,Digital Product,Toolkit for running local campaigns and escalating complaints to authorities effectively.,Templates; step-by-step guides; escalation scripts; sample emails,Users can take organized action to address local issues and see results.,47,bthcag.org/campaigns,Active,,"community action, campaign, escalation"
Community Complaint Escalation Toolkit,Digital product focused on documenting and escalating local complaints.,Digital product focused on documenting and escalating local complaints.,Step-by-step escalation workflow; sample emails; tracking templates,Residents can escalate complaints effectively to government and see real results.,27,bthcag.org/complaints,Active,,"community escalation, templates"
KairosBlue,"Premium lifestyle and strategy brand integrating wealth, time mastery, and personal excellence.","Premium lifestyle and strategy brand integrating wealth, time mastery, and personal excellence.","Courses, coaching, templates, brand assets",Users elevate personal and business life with world-class strategy and alignment.,"$497–$2,500",kairosblue.com,Active,,
Nia Kuu,Nia Kuu,Personal power and destiny alignment framework for high-performing individuals.,"Assessment tools, coaching, digital guides","Users unlock personal potential, leadership presence, and strategic alignment.","$497–$1,997",niakuu.com,Active,,
Dominion,Vision-Level Brand,Executive performance and leadership system for founders and elite entrepreneurs.,"Leadership coaching, strategy sessions, performance tools","Users achieve peak execution, influence, and wealth.","$997–$5,000",dominion.com,Active,,
